<?xml version="1.0" encoding="UTF-8"?>
<!DOCTYPE generatorConfiguration
        PUBLIC "-//mybatis.org//DTD MyBatis Generator Configuration 1.0//EN"
        "http://mybatis.org/dtd/mybatis-generator-config_1_0.dtd">

<generatorConfiguration>
	<classPathEntry location="mysql-connector-java-5.1.37.jar"/>

    <context id="MySqlContext" targetRuntime="MyBatis3Simple" defaultModelType="flat">
        <property name="beginningDelimiter" value="`"/>
        <property name="endingDelimiter" value="`"/>

        <commentGenerator type="tk.mybatis.generator.MyCommentGenerator">
            <property name="suppressDate" value="true"/>
            <property name="addRemarkComments" value="true"/>
        </commentGenerator>

        <jdbcConnection driverClass="com.mysql.jdbc.Driver"
                        connectionURL="jdbc:mysql://192.168.16.137:3306/mybatis"
                        userId="root"
                        password="">
        </jdbcConnection>

        <javaModelGenerator targetPackage="test.model" targetProject="src\main\java">
            <property name="trimStrings" value="true" />
        </javaModelGenerator>

        <sqlMapGenerator targetPackage="test.xml"  targetProject="src\main\resources"/>

        <javaClientGenerator type="XMLMAPPER" targetPackage="test.dao"  targetProject="src\main\java"/>

        <table tableName="%">
            <generatedKey column="id" sqlStatement="MySql"/>
        </table>
    </context>
</generatorConfiguration>